# Swedish 1917 form<TAB>Nyström headword(s), lowercase, separated by |.
# MIT. These are lookup aliases, not changes to Scripture text.
jesu	jesus kristus|jesus justus
jesus	jesus kristus|jesus justus
kristi	kristus
pauli	paulus
petri	petrus
moses	mose
aron	aron
aaron	aron
aarons	aron
abrahams	abraham
isaks	isak
israels	israel
davids	david
esaias	esaia
jesaja	esaia
jeremia	jeremia
hesekiel	hesekiel
elia	elia
elisa	elisa
jerusalems	jerusalem
betlehems	betlehem
abram	abraham
ai	aj
amasja	amazja
assyrien	assur
assyrier	assur
esau	edom
jefta	jeftah
jerobeam	jerobeam i|jerobeam ii
mordokai	mardekai
mispa	mizpa
nasaret	nazaret
nebukadnessar	nebukadnezar
noa	noah
sakarja	sakaria|sakarjas
sidkia	zedekia
sidon	zidon
sebaot	zebaot
