# form	occurrences	voice	alternatives
han	13134	hˈɑːn	hˈan=pronomen|hˈɑːn=namn
en	8904	ˈɛn	ˈeːn=substantiv|ˈɛn=adverb, pronomen, räkneord
du	7142	dˈyː	dˈyː=namn|dˈʉː=pronomen
men	5524	mˈɛn	mˈeːn=substantiv|mˈɛn=konjunktion
hans	4320	hˈɑːns	hˈans=pronomen|hˈɑːns=namn
din	2998	dˈiːn	dˈiːn=okänd, substantiv|dˈɪn=pronomen
vad	2904	vˈɑːd	vˈad=pronomen, substantiv|vˈɑːd=substantiv, böjd form
min	2866	mˈiːn	mˈiːn=substantiv|mˈɪn=pronomen
man	2758	mˈan	mˈan=substantiv|mˈɑːn=substantiv
vi	2332	vˈiː	sˈɛks=räkneord|vˈiː=pronomen
son	2110	sˈuːn	sˈoːn=substantiv|sˈuːn=substantiv
oss	1945	ˈɔs	uːəsˈɛs=namn|ˈɔs=pronomen
genom	1649	jˈeːnɔm	jənˈoːm=substantiv, böjd form|jˈeːnɔm=adverb, preposition
hon	1489	hˈuːn	hˈuːn=substantiv|hˈʊn=pronomen
sedan	1461	sˈeːdan	sədˈan=substantiv|sədˈɑːn=substantiv, böjd form|sˈeːdan=adverb, konjunktion, preposition
inför	1158	ɪnfˈøːr	ɪnfˈøːr=adverb|ˈɪnføːr=preposition|ˈɪnfˌøːr=verb
andra	1117	ˈandra	ˈandra=pronomen, räkneord|ˈandrɑː=verb
israel	1051	ˈiːsraəl	ɪsraˈeːl=substantiv|ˈiːsraəl=namn, substantiv
huru	934	hˈʉːrʊ	hˈʉːrʉː=adverb|hˈʉːrʊ=namn
kan	918	kˈɑːn	kˈan=verb|kˈɑːn=substantiv, böjd form
hos	760	hˈuːs	hˈuːs=substantiv|hˈʊs=preposition
drog	322	drˈoːɡ	drˈoːɡ=substantiv|drˈuːɡ=verb
togo	216	tˈoːɡʊ	tˈoːɡʊ=namn|tˈuːɡʊ=verb
jordan	187	jʊɖˈɑːn	jʊɖˈɑːn=substantiv, böjd form|jˈoːɖan=namn
sons	169	sˈuːns	sˈoːns=substantiv|sˈuːns=substantiv, böjd form
andre	158	andrˈɛ	andrˈɛ=namn|ˈandrə=adjektiv, pronomen, räkneord
sen	138	sˈɛn	sˈeːn=adjektiv, adverb, konjunktion, preposition|sˈɛn=namn
just	134	jˈɵst	jˈɵst=adverb, namn|ɧˈʏst=adjektiv
dom	133	dˈɔm	dˈoːm=substantiv|dˈɔm=pronomen|dˈʊm=substantiv
ens	132	ˈɛns	ˈeːns=substantiv|ˈɛns=adverb
vän	131	vˈɛːn	vˈɛn=substantiv|vˈɛːn=adjektiv
ben	126	bˈɛn	bˈeːn=namn, substantiv|bˈɛn=namn, substantiv
bergen	122	bˈɛrɡən	bˈɛrjən=substantiv|bˈɛrɡən=namn, substantiv
byte	120	bˈyːtə	bˈajt=substantiv, böjd form|bˈyːtə=substantiv
oren	116	ˈuːrˌeːn	ˈuːrən=substantiv, böjd form|ˈuːrˌeːn=adjektiv
lovat	113	lˈoːvat	lˈoːvat=adjektiv, particip, verb|lˈuːvat=particip, verb, böjd form
ute	87	ˈuːtə	ˈuːtə=namn|ˈʉːtə=adverb
vars	87	vˈɑːʂ	vˈaʂ=pronomen|vˈɑːʂ=substantiv, böjd form
loven	83	lˈoːvən	lˈoːvən=substantiv|lˈuːvən=substantiv, böjd form
fint	82	fˈiːnt	fˈiːnt=adjektiv, adverb|fˈɪnt=substantiv
lovade	76	lˈoːvadə	lˈoːvadə=particip, verb|lˈuːvadə=particip, verb, böjd form
mans	74	mˈɛːns	mˈans=substantiv|mˈɑːns=substantiv, böjd form|mˈɛːns=namn, böjd form
lova	67	lˈuːva	lˈoːva=verb|lˈuːva=namn, verb
antal	66	ˈantal	ˈantal=namn|ˈantɑːl=substantiv
lov	61	lˈoːv	lˈoːv=substantiv|lˈuːv=substantiv, böjd form
vikt	61	vˈiːkt	vˈiːkt=adjektiv, verb|vˈɪkt=substantiv
lovad	60	lˈoːvad	lˈoːvad=adjektiv, particip|lˈuːvad=particip, böjd form
allting	59	ˈaltˌɪŋ	ˈaltɪŋ=pronomen|ˈaltˌɪŋ=substantiv
bredvid	52	brəvˈiːd	brəvˈiːd=adverb|brˈeːdvˌiːd=adverb, preposition
gods	52	ɡˈuːds	ɡˈuːds=adjektiv, böjd form|ɡˈʊds=substantiv
jo	51	jˈiːˌuː	jˈiːˌuː=okänd|jˈuː=interjektion
kort	51	kˈɔʈ	kˈɔʈ=adjektiv, adverb|kˈʊʈ=substantiv
döds	50	dˈœts	dˈøːds=substantiv|dˈœts=adverb
särskilt	50	sˈɛːrʂˌɪlt	sˈɛːrʂɪlt=adjektiv, adverb|sˈɛːrʂˌɪlt=adjektiv, adverb, particip, verb|sˈɛːʂˌɪlt=adjektiv, böjd form
dans	48	dˈɑːns	dˈans=substantiv|dˈɑːns=adjektiv, namn, substantiv
fred	48	frˈɛd	frˈeːd=substantiv|frˈɛd=namn
hals	48	hˈals	hˈals=namn, substantiv|hˈɑːls=adjektiv, substantiv, böjd form
spetälska	48	spˈeːtˌɛlska	spˈeːtˌɛlska=adjektiv, substantiv|spˈɛtˌɛlska=substantiv, böjd form
förbundet	47	fœrbˈɵndət	fœrbˈɵndət=adjektiv, particip, substantiv|fˈøːrbˌɵndət=particip, böjd form
vänt	44	vˈɛːnt	vˈɛnt=particip, verb|vˈɛːnt=adjektiv, adverb
förlåten	42	fœɭˈoːtən	fœɭˈoːtən=adjektiv, particip|fˈøːɭˌoːtən=substantiv
utför	42	ˈʉːtfœr	ˈʉːtfœr=adverb, preposition, verb|ˈʉːtfˌøːr=verb, böjd form
särskilda	40	sˈɛːʂˌɪlda	sˈɛːrʂˌɪlda=adjektiv, particip|sˈɛːʂˌɪlda=adjektiv, böjd form
andras	34	ˈandras	ˈandras=namn, pronomen, räkneord|ˈandrɑːs=verb
domen	33	dˈʊmən	dˈoːmən=substantiv|dˈʊmən=substantiv
ai	32	ˈɑːˌiː	ˈɑːiː=substantiv|ˈɑːˌiː=namn
syntes	30	sʏntˈeːs	sʏntˈeːs=substantiv|sˈyːntəs=verb
särskild	30	sˈɛːʂˌɪld	sˈɛːrʂˌɪld=adjektiv, particip|sˈɛːʂˌɪld=adjektiv, böjd form
driver	28	drˈajvər	drˈajvər=substantiv, böjd form|drˈiːvər=verb
kvarleva	28	kvˈɑːrɭˌeːva	kvˈɑːrɭˌeːva=substantiv, böjd form|kvˈɑːɭˌeːva=substantiv, verb
förlåt	27	fœɭˈoːt	fœɭˈoːt=interjektion, verb|fˈøːɭˌoːt=substantiv, böjd form|fˈœɭˌoːt=substantiv
oro	27	ˈuːruː	ˈuːruː=substantiv, böjd form|ˈuːrˌuː=substantiv
glans	26	ɡlˈɑːns	ɡlˈans=substantiv|ɡlˈɑːns=adjektiv, böjd form
legat	26	ləɡˈɑːt	ləɡˈɑːt=substantiv|lˈeːɡat=verb
köpt	25	ɕˈœpt	ɕˈøːpt=particip, verb, böjd form|ɕˈœpt=adjektiv, verb
äventyrs	25	ˈɛːvəntˌyːʂ	ˈɛːvəntyːʂ=substantiv|ˈɛːvəntˌyːʂ=substantiv, böjd form
hov	24	hˈoːv	hˈoːv=namn, substantiv|hˈuːv=substantiv
hin	22	hˈɪn	hˈiːn=substantiv|hˈɪn=pronomen
kis	22	kˈiːs	kˈiːs=substantiv|ɕˈiːs=substantiv
läst	22	lˈɛːst	lˈɛst=substantiv|lˈɛːst=adjektiv, particip, verb
doms	21	dˈoːms	dˈoːms=substantiv, böjd form|dˈʊms=substantiv
rykte	21	rˈʏktə	rˈyːktə=verb|rˈʏktə=substantiv
skott	21	skˈɔt	skˈɔt=namn, substantiv|skˈʊt=adjektiv, particip, verb
köpte	20	ɕˈœptə	ɕˈøːptə=particip, verb, böjd form|ɕˈœptə=adjektiv, verb
orden	20	ˈuːɖən	ˈoːɖən=substantiv|ˈuːɖən=substantiv
rom	20	rˈʊm	rˈoːm=substantiv, böjd form|rˈɔm=substantiv|rˈʊm=namn
hugnad	18	hˈʉːɡnad	hˈɵŋnad=particip, böjd form|hˈʉːɡnad=substantiv
bete	17	bˈeːtə	bətˈeː=verb|bˈeːtə=substantiv
förlossare	17	fœɭˈɔsarə	fœrɭˈɔsarə=substantiv|fœɭˈɔsarə=substantiv, böjd form
kors	17	kˈuːʂ	kˈuːʂ=substantiv, böjd form|kˈɔʂ=substantiv
rest	17	rˈɛst	rˈeːst=particip, verb|rˈɛst=substantiv
angripen	16	ˈaŋɡrˌiːpən	ˈanɡrˌiːpən=substantiv, böjd form|ˈaŋɡrˌiːpən=adjektiv, particip
förlidna	16	fœɭˈiːdna	fœrɭˈiːdna=adjektiv|fœɭˈiːdna=adjektiv, particip, böjd form
våldsamt	16	vˈɔldsamt	vˈɔldsamt=adjektiv, adverb|vˈɔldsˌamt=adjektiv, böjd form
bel	15	bˈeːl	bˈeːl=namn|bˈɛl=substantiv
förbundets	15	fœrbˈɵndəts	fœrbˈɵndəts=adjektiv, particip, substantiv|fˈøːrbˌɵndəts=particip, böjd form
livs	14	lˈiːvs	lˈiːvs=substantiv, böjd form|lˈɪfs=substantiv
lyste	14	lˈʏstə	lˈyːstə=particip, verb|lˈʏstə=particip, verb, böjd form
ovan	14	ˈoːvɑːn	ˈoːvɑːn=adverb, preposition|ˈuːvˌɑːn=adjektiv
person	14	pˈɛːʂɔn	pəʂˈuːn=substantiv|pˈɛːʂɔn=namn
tomt	14	tˈɔmt	tˈɔmt=namn, substantiv|tˈʊmt=adjektiv, adverb
bergens	13	bˈɛrɡəns	bˈɛrjəns=substantiv|bˈɛrɡəns=namn, substantiv
domens	13	dˈoːməns	dˈoːməns=substantiv, böjd form|dˈʊməns=substantiv
förlåter	13	fˈøːɭˌoːtər	fœɭˈoːtər=verb|fˈøːɭˌoːtər=substantiv
predikat	13	prədɪkˈɑːt	prədɪkˈɑːt=substantiv|prədˈiːkat=particip, verb
tillrättavisa	13	tɪlrˈɛtavˌiːsa	tɪlrˈɛtavˌiːsa=verb|tɪrˈɛtavˌiːsa=verb, böjd form
hets	12	hˈeːts	hˈeːts=adjektiv, böjd form|hˈɛts=substantiv
jordans	12	jʊɖˈɑːns	jʊɖˈɑːns=substantiv, böjd form|jˈoːɖans=namn
tom	12	tˈɔm	tˈoːm=substantiv, böjd form|tˈɔm=namn|tˈʊm=adjektiv
helgen	11	hˈɛlɡən	hˈɛljən=substantiv|hˈɛlɡən=namn
stridsman	11	strˈɪtsman	strˈɪtsman=namn|strˈɪtsmˌan=substantiv
svagt	11	svˈɑːkt	svˈɑːkt=adjektiv, adverb|svˈɑːɡt=adjektiv, böjd form
uppför	11	ˈɵpføːr	ˈɵpføːr=preposition|ˈɵpfˌøːr=verb
ansatte	10	ˈansatə	ˈansatə=adjektiv, böjd form|ˈansˌatə=adjektiv, verb
avundas	10	ˈɑːvɵndas	ˈɑːvɵndas=verb|ˈɑːvˌɵndas=verb, böjd form
fortsatte	10	fˈuːʈʂˌatə	fˈuːʈʂˌatə=adjektiv, böjd form|fˈʊʈʂatə=verb|fˈʊʈʂˌatə=verb
förledde	10	fœrɭˈɛdə	fœrɭˈɛdə=adjektiv, verb|fœɭˈɛdə=particip, verb, böjd form
hängivet	10	hˈɛnjˌiːvət	hˈɛnjˌiːvət=adjektiv, böjd form|hˈɛːnjˌiːvət=adjektiv, particip
oliver	10	ˈɔlɪvər	ʊlˈiːvər=substantiv|ˈɔlɪvər=namn
sif	10	sˈɪf	sˈiːv=namn|sˈɪf=namn
ana	9	ˈana	ˈana=namn|ˈɑːna=substantiv, verb
arbetare	9	ˈarbˌeːtarə	ˈarbeːtarə=substantiv|ˈarbˌeːtarə=substantiv, böjd form
krans	9	krˈans	krˈans=namn, substantiv|krˈɑːns=substantiv, böjd form
modern	9	mʊdˈɛːɳ	mʊdˈɛːɳ=adjektiv, substantiv|mˈuːdəɳ=substantiv
angrepp	8	ˈaŋɡrəp	ˈanɡrˌɛp=substantiv|ˈaŋɡrəp=substantiv, böjd form
fläkt	8	flˈɛːkt	flˈɛkt=substantiv|flˈɛːkt=adjektiv, particip, verb
foster	8	fˈɔstər	fˈɔstər=namn|fˈʊstər=substantiv
freds	8	frˈɛds	frˈeːds=substantiv|frˈɛds=namn, böjd form
förbinder	8	fˈøːrbˌɪndər	fœrbˈɪndər=verb|fˈøːrbˌɪndər=verb, böjd form
förtröttas	8	fœʈrˈœtas	fœrtrˈœtas=verb, böjd form|fœʈrˈœtas=verb
halt	8	hˈalt	hˈalt=adjektiv, interjektion, substantiv|hˈɑːlt=adjektiv
lo	8	ˈɛlˌuː	lˈuː=substantiv|ˈɛlˌuː=namn
spenabarn	8	spˈeːnbˌɑːɳ	spˈeːnabˌɑːɳ=substantiv, böjd form|spˈeːnbˌɑːɳ=substantiv
vist	8	vˈiːst	vˈiːst=adjektiv|vˈɪst=substantiv, böjd form
väns	8	vˈɛːns	vˈɛns=substantiv|vˈɛːns=adjektiv, böjd form
beta	7	bˈeːta	bətˈɑː=verb, böjd form|bˈeːta=substantiv, verb
förbundna	7	fœrbˈɵndna	fœrbˈɵndna=adjektiv, particip, böjd form|fˈøːrbˌɵndna=particip, böjd form|fˈœrbˌɵndna=adjektiv
invigt	7	ˈɪnvˌiːkt	ˈɪnvˌiːkt=adjektiv, verb|ˈɪnvˌiːɡt=particip, verb, böjd form
javan	7	jˈɑːvan	javˈɑːn=substantiv|jˈɑːvan=substantiv, böjd form
lans	7	lˈans	lˈans=namn, substantiv|lˈɑːns=substantiv, böjd form
loge	7	lˈoːʂ	lˈoːʂ=substantiv, böjd form|lˈuːɡə=substantiv
lovar	7	lˈuːvar	lˈoːvar=verb|lˈuːvar=substantiv, verb
ansatt	6	ˈansat	ˈansat=adjektiv, böjd form|ˈansˌat=adjektiv, verb
bifall	6	bˈiːfˌal	bˈiːfal=substantiv|bˈiːfˌal=substantiv, verb, böjd form
förbinda	6	fˈøːrbˌɪnda	fœrbˈɪnda=verb|fˈøːrbˌɪnda=verb, böjd form
förbud	6	fˈøːrbˌʉːd	fœrbˈʉːd=substantiv|fˈøːrbˌʉːd=substantiv, böjd form
ira	6	iːərˈɑː	iːərˈɑː=namn|ˈiːra=namn
krigsman	6	krˈɪksman	krˈɪksman=namn|krˈɪksmˌan=substantiv
kvarter	6	kvaʈˈeːr	kvaʈˈeːr=substantiv|kvˈaʈər=substantiv, böjd form
lugnt	6	lˈɵŋt	lˈɵŋnt=adjektiv, böjd form|lˈɵŋt=adjektiv, adverb, okänd
mods	6	mˈɔds	mˈuːds=substantiv|mˈɔds=substantiv, böjd form
utkorade	6	ˈʉːtkˌuːradə	ˈʉːtkˌoːradə=particip, verb, böjd form|ˈʉːtkˌuːradə=adjektiv
valde	6	vˈaldə	vˈaldə=namn|vˈɑːldə=adjektiv, verb
åliggande	6	ˈoːlˌɪɡandə	ˈoːlˌɪɡandə=substantiv|ˈoːlˌɪɡɡandə=pronomen, böjd form
driven	5	drˈiːvən	drˈajvən=substantiv|drˈiːvən=adjektiv, particip, substantiv
el	5	ˈɛl	ˈeːl=substantiv|ˈɛl=namn
förband	5	fœrbˈand	fœrbˈand=substantiv, verb|fˈøːrbˌand=substantiv, verb
förleder	5	fˈøːɭˌeːdər	fœɭˈeːdər=verb|fˈøːɭˌeːdər=substantiv, böjd form
förlitande	5	fœɭˈiːtandə	fœrɭˈiːtandə=adjektiv|fœɭˈiːtandə=adjektiv, pronomen, böjd form
köpta	5	ɕˈœpta	ɕˈøːpta=particip, böjd form|ɕˈœpta=adjektiv
läkt	5	lˈɛːkt	lˈɛkt=substantiv|lˈɛːkt=adjektiv, particip, verb
matteus	5	matˈɛɵs	matˈeːɵs=namn, böjd form|matˈɛɵs=namn
no	5	ˈɛnˌuː	nˈuː=interjektion|ˈɛnˌuː=okänd
tel	5	tˈeːl	tələfˈoːn=okänd|tˈeːl=namn
v	5	vˈeː	fˈɛm=räkneord|vˈeː=substantiv
alltings	4	ˈaltˌɪŋs	ˈaltɪŋs=pronomen, substantiv|ˈaltˌɪŋs=substantiv, böjd form
ansattes	4	ˈansˌatəs	ˈansatəs=adjektiv, böjd form|ˈansˌatəs=adjektiv, verb
ansett	4	ˈansət	ˈansət=adjektiv, böjd form|ˈansˌɛt=adjektiv, verb
avlat	4	ˈɑːvlat	ˈɑːvlat=adjektiv, particip, verb|ˈɑːvlɑːt=substantiv, böjd form|ˈɑːvlˌɑːt=substantiv
brorson	4	brˈuːʂɔn	brˈuːʂɔn=namn|brˈuːʂˌoːn=substantiv
fristad	4	frˈiːstɑːd	frˈiːstɑːd=namn|frˈiːstˌɑːd=substantiv
förbunden	4	fœrbˈɵndən	fœrbˈɵndən=adjektiv, particip, substantiv|fˈøːrbˌɵndən=particip, böjd form|fˈœrbˌɵndən=adjektiv
fördraget	4	fˈœɖrˌɑːɡət	fœɖrˈɑːɡət=particip, substantiv|fˈœɖrˌɑːɡət=adjektiv
förena	4	fˈøːrəna	fœrˈeːna=verb|fˈøːrəna=substantiv
förmyndare	4	fœrmˈʏndarə	fœrmˈʏndarə=substantiv, böjd form|fˈøːrmˌʏndarə=substantiv
förtryckt	4	fœʈrˈʏkt	fœʈrˈʏkt=adjektiv, adverb, particip, verb|fˈœʈrˌʏkt=adjektiv
gästa	4	jˈɛːsta	jˈɛsta=verb|jˈɛːsta=namn
hemvist	4	hˈɛmvˌɪst	hˈɛmvɪst=substantiv|hˈɛmvˌɪst=substantiv, böjd form
kista	4	ɕˈiːsta	ɕˈiːsta=namn|ɕˈɪsta=substantiv
ko	4	kˈoːuː	kˈoːuː=namn|kˈuː=substantiv
norden	4	nˈuːɖən	nʊɖˈeːn=namn|nˈuːɖən=namn, substantiv
onyx	4	ˈuːnʏks	ʊnˈʏks=substantiv, böjd form|ˈuːnʏks=substantiv
spåman	4	spˈoːman	spˈoːman=namn|spˈoːmˌan=substantiv
svans	4	svˈɑːns	svˈans=substantiv|svˈɑːns=substantiv, böjd form
tvärs	4	tvˈɛʂ	tvˈɛʂ=adverb|tvˈɛːʂ=adjektiv, substantiv, böjd form
värsta	4	vˈɛːʂʈa	vˈɛʂʈa=adjektiv|vˈɛːʂʈa=namn
agat	3	aɡˈɑːt	aɡˈɑːt=substantiv|ˈɑːɡat=particip, verb, böjd form
ansvar	3	ˈansvar	ˈansvar=namn|ˈansvˌɑːr=substantiv
avundades	3	ˈɑːvˌɵndadəs	ˈɑːvɵndadəs=adjektiv, verb|ˈɑːvˌɵndadəs=adjektiv, particip, verb, böjd form
drevs	3	drˈeːfs	drˈeːfs=substantiv, verb, böjd form|drˈeːvs=substantiv, verb
drogs	3	drˈoːɡs	drˈoːɡs=substantiv|drˈuːɡs=verb
duken	3	djˈʉːkən	djˈʉːkən=substantiv, böjd form|dˈʉːkən=substantiv
förbundit	3	fˈøːrbˌɵndɪt	fœrbˈɵndɪt=verb|fˈøːrbˌɵndɪt=verb, böjd form
fördelar	3	fˈøːɖeːlar	føːɖˈeːlar=verb|fœɖˈeːlar=verb, böjd form|fˈøːɖeːlar=substantiv, böjd form|fˈøːɖˌeːlar=substantiv
förlänas	3	fœrɭˈɛːnas	fœrɭˈɛːnas=verb|fœɭˈɛːnas=verb, böjd form
förunderligt	3	fœrˈɵndəlɪkt	fœrˈɵndəlɪkt=adjektiv, adverb|fœrˈɵndəɭɪkt=adjektiv, böjd form
inkom	3	ˈɪnkˌɔm	ˈɪnkˌɔm=verb|ˈɪŋkˌɔm=verb, böjd form
kosta	3	kˈuːsta	kˈuːsta=namn, substantiv|kˈɔsta=namn, verb
köpman	3	ɕˈøːpman	ɕˈøːpman=namn|ɕˈøːpmˌan=substantiv
logen	3	lˈoːʂən	lˈoːʂən=substantiv, böjd form|lˈuːɡən=substantiv
omgångar	3	ˈɔmɡˌɔŋar	ˈɔmɡɔŋar=substantiv|ˈɔmɡˌɔŋar=substantiv
rene	3	rənˈeː	rənˈeː=namn|rˈeːnə=adjektiv, böjd form
saks	3	sˈaks	sˈaks=namn|sˈɑːks=substantiv, böjd form
salem	3	sˈɑːləm	salˈɛm=namn|sˈɑːləm=namn, substantiv
sammansatt	3	sˈamansˌat	sˈamamsˌat=verb|sˈamansˌat=adjektiv
skylt	3	ɧˈʏlt	ɧˈyːlt=particip, verb, böjd form|ɧˈʏlt=adjektiv, substantiv, verb
synts	3	sˈʏnts	sˈyːnts=verb|sˈʏnts=substantiv, böjd form
tillförsäkrade	3	tˈɪlføːʂˌɛːkradə	tˈɪlføːʂˌɛːkradə=adjektiv, verb|tˈɪlfœʂˌɛːkradə=particip, verb, böjd form
ton	3	tˈɔn	tˈuːn=substantiv|tˈɔn=substantiv, böjd form
tvärt	3	tvˈɛʈ	tvˈɛʈ=adjektiv, adverb|tvˈɛːʈ=adjektiv, böjd form
ädling	3	ˈɛːdlˌɪŋ	ˈɛːdlɪŋ=substantiv|ˈɛːdlˌɪŋ=namn
anförtrodd	2	ˈanføːʈrˌʊd	ˈanføːʈrˌʊd=adjektiv, verb|ˈanfœʈrˌʊd=particip, böjd form
betar	2	bˈeːtar	bətˈɑːr=verb, böjd form|bˈeːtar=substantiv, verb
blygsamt	2	blˈyːɡsamt	blˈyːɡsamt=adjektiv, adverb|blˈyːɡsˌamt=adjektiv, böjd form
diamant	2	dɪamˈant	diːamˈant=substantiv|dɪamˈant=namn
dukat	2	dˈʉːkat	dɵkˈɑːt=substantiv|dˈʉːkat=adjektiv, particip, verb
eggen	2	əɡˈeːn	əɡˈeːn=namn|ˈɛɡən=substantiv
ensamt	2	ˈɛnsamt	ˈɛnsamt=adjektiv, adverb|ˈɛnsˌamt=adjektiv, böjd form
format	2	fˈɔrmat	fɔrmˈɑːt=substantiv|fˈɔrmat=adjektiv, particip, verb
fort	2	fˈʊʈ	fˈɔʈ=substantiv|fˈʊʈ=adverb
fortsatt	2	fˈʊʈʂat	fˈuːʈʂˌat=adjektiv, böjd form|fˈʊʈʂat=adjektiv, adverb
friköpt	2	frˈiːɕˌœpt	frˈiːɕˌøːpt=particip, verb, böjd form|frˈiːɕˌœpt=adjektiv, verb
förtalare	2	fˈøːrtˌɑːlarə	fœʈˈɑːlarə=substantiv|fˈøːrtˌɑːlarə=substantiv|fˈøːʈˌɑːlarə=substantiv, böjd form
klor	2	klˈuːr	klˈoːr=substantiv, böjd form|klˈuːr=substantiv
köptes	2	ɕˈœptəs	ɕˈøːptəs=particip, verb, böjd form|ɕˈœptəs=adjektiv, verb
kör	2	ɕˈøːr	kˈøːr=substantiv|ɕˈøːr=substantiv, verb
lovas	2	lˈoːvas	lˈoːvas=verb|lˈuːvas=verb, böjd form
lågt	2	lˈoːkt	lˈoːkt=adjektiv, adverb|lˈoːɡt=adjektiv, böjd form
make	2	mˈɑːkə	mˈɑːkə=substantiv|mˈɛjk=substantiv, böjd form
menat	2	mˈɛnat	mˈeːnat=particip, verb|mˈɛnat=adjektiv
nedför	2	nˈeːdføːr	nˈeːdføːr=adverb, preposition|nˈeːdfˌøːr=verb
noggrant	2	nˈuːɡrant	nˈuːɡrant=adjektiv, adverb|nˈuːɡrˌant=adjektiv, böjd form
rams	2	rˈɑːms	rˈams=substantiv|rˈɑːms=adjektiv, substantiv, böjd form
tillrättavisade	2	tɪlrˈɛtavˌiːsadə	tɪlrˈɛtavˌiːsadə=adjektiv, verb|tɪrˈɛtavˌiːsadə=particip, verb, böjd form
tillägna	2	tˈɪlˌɛŋna	tˈɪllˌɛŋna=verb|tˈɪlˌɛŋna=verb
underlag	2	ˈɵndəɭˌɑːɡ	ˈɵndərɭˌɑːɡ=substantiv|ˈɵndəɭˌɑːɡ=substantiv, böjd form
af	1	ˈɑːəf	ˈɑːf=preposition|ˈɑːəf=substantiv
agats	1	aɡˈɑːts	aɡˈɑːts=substantiv, böjd form|ˈɑːɡats=particip, verb, böjd form
allvar	1	ˈalvar	ˈalvar=namn|ˈalvɑːr=substantiv
avvisande	1	ˈɑːvˌiːsandə	ˈɑːvvˌiːsandə=adjektiv, pronomen, verb|ˈɑːvˌiːsandə=adjektiv, substantiv, böjd form
basalt	1	basˈɑːlt	basˈalt=substantiv|basˈɑːlt=adjektiv, böjd form
behövs	1	bəhˈøːvs	bəhˈøːfs=verb, böjd form|bəhˈøːvs=verb
broms	1	brˈɔms	brˈoːms=substantiv, böjd form|brˈɔms=namn, substantiv
brödernas	1	brˈœdəɳas	brˈøːdəɳas=substantiv|brˈœdəɳas=substantiv, böjd form
byten	1	bˈyːtən	bˈajtən=substantiv, böjd form|bˈyːtən=substantiv
delos	1	dˈɛlɔs	dˈeːlɔs=namn, böjd form|dˈɛlɔs=namn
demon	1	dˈeːmʊn	dəmˈoːn=substantiv|dˈeːmʊn=substantiv, böjd form
drivens	1	drˈiːvəns	drˈajvəns=substantiv, böjd form|drˈiːvəns=adjektiv, particip, substantiv, böjd form
eftertänksamma	1	ˈɛftəʈɛŋksˌama	ˈɛftəʈɛŋksˌama=adjektiv|ˈɛftəʈˌɛŋksama=adjektiv
et	1	ˈiːtiː	ˈiːtiː=namn|ˈɛt=okänd
frigjort	1	frˈɪjˌʊʈ	frˈiːjˌʊʈ=particip, verb, böjd form|frˈɪjˌʊʈ=adjektiv, verb
frikände	1	frˈiːɕˌɛːndə	frˈiːɕˌɛndə=particip, verb, böjd form|frˈiːɕˌɛːndə=adjektiv, verb
förbudet	1	fˈøːrbˌʉːdət	fœrbˈʉːdət=substantiv|fˈøːrbˌʉːdət=substantiv, böjd form
förfärligt	1	fœrfˈɛːlɪkt	fœrfˈɛːlɪkt=adverb|fœrfˈɛːɭɪkt=adjektiv
förledd	1	fœrɭˈɛd	fœrɭˈɛd=adjektiv, verb|fœɭˈɛd=particip, böjd form
gnagt	1	ɡnˈɑːkt	ɡnˈɑːkt=adjektiv, verb|ɡnˈɑːɡt=particip, verb, böjd form
gött	1	jˈøːt	jˈøːt=adjektiv, verb|jˈœt=particip, verb, böjd form
havs	1	hˈɑːvs	hˈafs=substantiv|hˈɑːvs=substantiv, böjd form
hängivna	1	hˈɛnjˌiːvna	hˈɛnjˌiːvna=adjektiv, böjd form|hˈɛːnjˌiːvna=adjektiv, particip
hörsammades	1	hˈøːʂˌamadəs	hˈøːʂamadəs=verb|hˈøːʂˌamadəs=particip, verb, böjd form
inrättades	1	ˈɪnrˌɛtadə	ˈɪnrˌɛtadə=adjektiv|ˈɪnrˌɛtadəs=particip, verb
klövs	1	klˈøːfs	klˈøːfs=substantiv, verb, böjd form|klˈøːvs=verb
kola	1	kˈoːla	kˈoːla=substantiv, verb|kˈuːla=verb, böjd form
kona	1	kˈoːna	kˈoːna=substantiv|kˈuːna=substantiv
korsar	1	kɔʂˈɑːr	kɔʂˈɑːr=substantiv, böjd form|kˈɔʂar=verb
l	1	ˈɛl	fˈɛmtɪʊ=räkneord|ˈɛl=substantiv
lyst	1	lˈʏst	lˈyːst=particip, verb|lˈʏst=particip, verb, böjd form
läras	1	lˈɛːras	lˈɛːras=substantiv, verb|lˈɛːrˌɑːs=substantiv
makes	1	mˈɛjks	mˈɑːkəs=substantiv|mˈɛjks=substantiv, böjd form
makron	1	mˈakrʊn	makrˈuːn=substantiv|mˈakrʊn=substantiv, böjd form
matris	1	mˈɑːtrˌiːs	matrˈiːs=substantiv|mˈɑːtrˌiːs=substantiv
mats	1	mˈats	mˈats=namn|mˈɑːts=substantiv
murat	1	mʊrˈat	mʊrˈat=namn|mˈʉːrat=adjektiv, particip, verb
ofrivilligt	1	ˈuːfriːvˌɪlɪkt	ˈuːfriːvˌɪlɪkt=adjektiv, adverb|ˈuːfrɪvˌɪlɪkt=adjektiv, böjd form
oron	1	ˈuːruːn	ˈuːruːn=substantiv, böjd form|ˈuːrˌuːn=substantiv
oupphörligt	1	ˈuːɵphˌøːlɪkt	ˈuːɵphˌøːlɪkt=adverb|ˈuːɵphˌøːɭɪkt=adjektiv
parker	1	pˈɑːrkər	pˈarkər=substantiv|pˈɑːrkər=namn
parkers	1	pˈɑːrkəʂ	pˈarkəʂ=substantiv|pˈɑːrkəʂ=namn, böjd form
påse	1	pˈoːsə	pˈoːsə=substantiv, böjd form|pˈoːsˌeː=verb|pˈoːsˌɛ=substantiv
ron	1	rˈɔn	rˈuːn=substantiv|rˈɔn=namn
samhälle	1	sˈamhˌɛlə	sˈamhɛlə=substantiv|sˈamhˌɛlə=substantiv
sets	1	sˈeːts	sˈeːts=namn, böjd form|sˈɛts=substantiv, böjd form
silen	1	sˈiːlən	sɪlˈeːn=substantiv, böjd form|sˈiːlən=substantiv
so	1	ˈɛsˌuː	sˈuː=substantiv|ˈɛsˌuː=substantiv
stall	1	stˈal	stˈal=substantiv|stˈoːl=substantiv, böjd form
stallen	1	stˈalən	stˈalən=substantiv|stˈoːlən=substantiv, böjd form
struts	1	strˈʉːts	strˈɵts=substantiv|strˈʉːts=substantiv, böjd form
styren	1	stˈyːrən	stʏrˈeːn=substantiv, böjd form|stˈyːrən=substantiv
stört	1	stˈœʈ	stˈøːʈ=adjektiv, particip, verb, böjd form|stˈœʈ=adjektiv, adverb, verb
svalt	1	svˈɑːlt	svˈɑːlt=adjektiv, adverb, verb|svˈɑːt=verb, böjd form
sällsamt	1	sˈɛlsamt	sˈɛlsamt=adjektiv, adverb|sˈɛlsˌamt=adjektiv, böjd form
tillförsäkra	1	tˈɪlføːʂˌɛːkra	tˈɪlføːʂˌɛːkra=verb|tˈɪlfœʂˌɛːkra=verb, böjd form
tillförsäkras	1	tˈɪlføːʂˌɛːkras	tˈɪlføːʂˌɛːkras=verb|tˈɪlfœʂˌɛːkras=verb, böjd form
tillträtt	1	tˈɪltrˌɛːt	tˈɪltrˌɛt=particip, verb|tˈɪltrˌɛːt=adjektiv
tima	1	tˈajma	tˈajma=verb|tˈiːma=verb
timat	1	tˈajmat	tˈajmat=particip, verb|tˈiːmat=particip, verb, böjd form
trumpet	1	trˈɵmpət	trɵmpˈeːt=substantiv|trˈɵmpət=adjektiv, adverb
trögt	1	trˈøːkt	trˈøːkt=adjektiv, adverb|trˈøːɡt=adjektiv, böjd form
understött	1	ˈɵndəʂʈˌøːt	ˈɵndəʂʈˌøːt=adjektiv, verb|ˈɵndəʂʈˌœt=particip, verb, böjd form
van	1	fˈan	fˈan=namn|vˈɑːn=adjektiv, substantiv
ålade	1	ˈoːlˌɑːdə	ˈoːladə=particip, verb, böjd form|ˈoːlˌɑːdə=adjektiv, verb
åse	1	ˈoːsə	ˈoːsə=namn|ˈoːsˌeː=verb
öst	1	ˈœst	ˈøːst=adjektiv, particip, verb|ˈœst=adverb, namn, substantiv
